ID CURS;CICLE;TITOL;CURS
1;CFPS;Desenvolupament d'Aplicacions Web;1
2;CFPS;Desenvolupament d'Aplicacions Web;2
3;CFPS;Desenvolupament d'Aplicacions Multiplataforma;1
4;CFPS;Desenvolupament d'Aplicacions Multiplataforma;2
5;CFPS;Administració de Sistemes Informàtics en Xarxa;1
6;CFPS;Administració de Sistemes Informàtics en Xarxa;2
7;CFPM;Sistemes Microinformàtics i Xarxes;1
8;CFPM;Sistemes Microinformàtics i Xarxes;2
9;CFPB;Informàtica d'Oficina;1
10;CFPB;Informàtica d'Oficina;2
