login;contrasenya
bbadia1@inscaparrella.cat;$2y$10$Yh9kEVx3yExl5lUEbwYRoerkBmaExMeoVPStykWPpvM2eHCU.ZBfq
bburgues@inscaparrella.cat;$2y$10$Yh9kEVx3yExl5lUEbwYRoerkBmaExMeoVPStykWPpvM2eHCU.ZBfq
dgarciar2@inscaparrella.cat;$2y$10$XQtOYz05hdmtPZdAC9urDuwyxtSai0tnaxzRnxuHNNpvKNnTblP.m
st_lleida.educacio@gencat.cat;$2y$10$KhUGZMUnucjBT3xU4KDTkenr6/VLcAVVvt2CyMbXo.KkqQEz6.wJG
st_ccentral.educacio@gencat.cat;$2y$10$iiVkNFYy6ZV5FpfVTGs15OQKp3y.AU0jMRjJ8AToQbjLHRotu/12.
st_apa.educacio@gencat.cat;$2y$10$AM0LPXMSYPihM.ByHGhhIuI4LzuiwRjDLKU5h5Tlk22x3/InpPoOq
st_girona.educacio@gencat.cat;$2y$10$jk4zW0Np/hA3eBRYhp6jqeIuRGPrQ7F2KYnA0TS3FoGmAppWE0wTq
st_pen.educacio@gencat.cat;$2y$10$9yfhlO/7VnAu/B2GHi6n/epK/wTbFws5Y.qxhBadVwZkjp05pXqV6
st_tarragona.educacio@gencat.cat;$2y$10$QThUKfXzPOacTpJTGPK5supAMM4Rol.j6I7HWeUlvE88TxooEq/lC
st_barcelones.educacio@gencat.ca;$2y$10$4wisoJ0hmg.uMexMNblxXO2Cs31nAdElAUcIv2hywachyJTFfUd1e
st_teb.educacio@gencat.cat;$2y$10$Bap5/DcO87YpX60doFE8dO6HtdK..Xc93VRKoqGnUfQRE5Pu9qoSO
st_baixllobregat.educacio@gencat;$2y$10$hPIrcDgNpoU/BMC8qiSnTOSnPza/2i5OAnRPTf2S/1CXNB7CA.h7m
st_valles.educacio@gencat.cat;$2y$10$SWXWlPSuIGz3HfWzdDycxONEUKITIijNE.7iGp9paVneMOVyw72gm
st_mvo.educacio@gencat.cat;$2y$10$PlO2bM/naw1tOogekxMrWeYGMROkiBTxHR.EjGYsBug4eIpOvuN8G