﻿Codi del equip;Descripció;Nom persona contacte centre;Correu persona contacte centre;Codi tipus de dispositiu;Codi estat;Codi centre emissor;Codi centre reparador
EXEMPLE;Descripció d'exemple.;Persona;Correu persona;1;1;25006732;25002799
EXEMPLE;Descripció d'exemple.;Persona;Correu persona;1;1;25006732;25002799
EXEMPLE;Descripció d'exemple.;Persona;Correu persona;1;1;25006732;25002799
EXEMPLE;Descripció d'exemple.;Persona;Correu persona;1;1;25006732;25002799
EXEMPLE;Descripció d'exemple.;Persona;Correu persona;1;1;25006732;25002799
EXEMPLE;Descripció d'exemple.;Persona;Correu persona;1;1;25006732;25002799
EXEMPLE;Descripció d'exemple.;Persona;Correu persona;1;1;25006732;25002799
EXEMPLE;Descripció d'exemple.;Persona;Correu persona;1;1;25006732;25002799
